Gender,Married,Dependents,Education,Self_Employed,ApplicantIncome,CoapplicantIncome,LoanAmount,Loan_Amount_Term,Credit_History,Property_Area,Loan_Status,Credit_History_missing,TotalIncome,EMI,LoanToIncomeRatio,TotalIncome_log,HasCoapplicant
Male,Yes,1,Graduate,No,4583,1508.0,128.0,360.0,1.0,Rural,N,0,6091.0,355.55555555555554,21.014611718762993,8.714731714015052,1
Male,Yes,0,Graduate,Yes,3000,0.0,66.0,360.0,1.0,Urban,Y,0,3000.0,183.33333333333334,21.999999992666666,8.006700845440367,0
Male,Yes,0,Not Graduate,No,2583,2358.0,120.0,360.0,1.0,Urban,Y,0,4941.0,333.3333333333333,24.286581658715527,8.505525386548555,1
Male,No,0,Graduate,No,6000,0.0,141.0,360.0,1.0,Urban,Y,0,6000.0,391.6666666666667,23.499999996083332,8.699681400989514,0
Male,Yes,0,Not Graduate,No,2333,1516.0,95.0,360.0,1.0,Urban,Y,0,3849.0,263.8888888888889,24.681735509305863,8.25582842728183,1
Male,Yes,2,Graduate,No,3200,700.0,70.0,360.0,1.0,Urban,Y,0,3900.0,194.44444444444446,17.948717944115714,8.268988209506656,1
Male,Yes,2,Graduate,No,2500,1840.0,109.0,360.0,1.0,Urban,Y,0,4340.0,302.77777777777777,25.115207367484974,8.375860015299594,1
Male,No,0,Graduate,No,1853,2840.0,114.0,360.0,1.0,Rural,N,0,4693.0,316.6666666666667,24.291497970532387,8.454040376410969,1
Male,Yes,2,Graduate,No,1299,1086.0,17.0,120.0,1.0,Urban,Y,0,2385.0,141.66666666666666,7.127882596592083,7.777373602657861,1
Male,No,0,Graduate,No,4950,0.0,125.0,360.0,1.0,Urban,Y,0,4950.0,347.22222222222223,25.25252524742373,8.507344855361422,0
Male,No,1,Not Graduate,No,3596,0.0,100.0,240.0,0.0,Urban,Y,1,3596.0,416.6666666666667,27.808676299274563,8.187855443695623,0
Female,No,0,Graduate,No,3510,0.0,76.0,360.0,0.0,Urban,N,0,3510.0,211.11111111111111,21.652421646252872,8.163656176168432,0
Male,Yes,0,Not Graduate,No,4887,0.0,133.0,360.0,1.0,Rural,N,0,4887.0,369.44444444444446,27.215060358662765,8.494538500851432,0
Male,Yes,0,Graduate,No,2600,3500.0,115.0,360.0,1.0,Urban,Y,0,6100.0,319.44444444444446,18.852459013302873,8.716207971151853,1
Male,Yes,0,Not Graduate,No,7660,0.0,104.0,360.0,0.0,Urban,N,0,7660.0,288.8888888888889,13.57702349692206,8.94389780251682,0
Male,Yes,0,Not Graduate,No,2600,1911.0,116.0,360.0,0.0,Semiurban,N,0,4511.0,322.22222222222223,25.714919080976518,8.414495793177895,1
Male,Yes,2,Not Graduate,No,3365,1917.0,112.0,360.0,0.0,Rural,N,0,5282.0,311.1111111111111,21.20408935607647,8.572249397164315,1
Male,Yes,0,Graduate,No,2799,2253.0,122.0,360.0,1.0,Semiurban,Y,0,5052.0,338.8888888888889,24.14885193504575,8.527737405291909,1
Male,Yes,2,Not Graduate,No,4226,1040.0,110.0,360.0,1.0,Urban,Y,0,5266.0,305.55555555555554,20.888720087184062,8.569216219483389,1
Male,No,0,Not Graduate,No,1442,0.0,35.0,360.0,1.0,Urban,N,0,1442.0,97.22222222222223,24.271844643362105,7.274479558773871,0
Female,No,2,Graduate,No,3750,2083.0,120.0,360.0,1.0,Semiurban,Y,0,5833.0,333.3333333333333,20.57260414528157,8.671458150427666,1
Male,No,0,Graduate,No,3167,0.0,74.0,360.0,1.0,Urban,N,0,3167.0,205.55555555555554,23.36596147036124,8.060855752934316,0
Male,No,1,Graduate,Yes,4692,0.0,106.0,360.0,1.0,Rural,N,0,4692.0,294.44444444444446,22.591645348978762,8.453827315794417,0
Male,Yes,0,Graduate,No,3500,1667.0,114.0,360.0,1.0,Semiurban,Y,0,5167.0,316.6666666666667,22.063092699426534,8.550241045462437,1
Male,Yes,0,Graduate,No,1828,1330.0,100.0,360.0,0.0,Urban,N,0,3158.0,277.77777777777777,31.665611136268016,8.058010800802085,1
Female,Yes,0,Graduate,No,3667,1459.0,144.0,360.0,1.0,Semiurban,Y,0,5126.0,400.0,28.092079588745204,8.5422759717837,1
Male,No,0,Not Graduate,No,3748,1668.0,110.0,360.0,1.0,Semiurban,Y,0,5416.0,305.55555555555554,20.31019201988364,8.597297435657898,1
Male,No,0,Graduate,No,3600,0.0,80.0,360.0,1.0,Urban,N,0,3600.0,222.22222222222223,22.222222216049385,8.188966863648876,0
Male,No,0,Graduate,No,1800,1213.0,47.0,360.0,1.0,Urban,Y,0,3013.0,130.55555555555554,15.599070688483549,8.01102337918644,1
Male,Yes,0,Graduate,No,2400,0.0,75.0,360.0,0.0,Urban,Y,1,2400.0,208.33333333333334,31.24999998697917,7.783640596221253,0
Male,Yes,0,Graduate,No,3941,2336.0,134.0,360.0,1.0,Semiurban,Y,0,6277.0,372.22222222222223,21.34777759736374,8.744806737401898,1
Male,Yes,0,Not Graduate,Yes,4695,0.0,96.0,360.0,1.0,Urban,Y,0,4695.0,266.6666666666667,20.447284340692804,8.454466361507933,0
Female,No,0,Graduate,No,3410,0.0,88.0,360.0,1.0,Urban,Y,0,3410.0,244.44444444444446,25.80645160533535,8.134760782418645,0
Male,Yes,1,Graduate,No,5649,0.0,44.0,360.0,1.0,Urban,Y,0,5649.0,122.22222222222223,7.78898920024978,8.639410824140487,0
Male,Yes,0,Graduate,No,5821,0.0,144.0,360.0,1.0,Urban,Y,0,5821.0,400.0,24.73801751851262,8.669399124305569,0
Female,Yes,0,Graduate,No,2645,3440.0,120.0,360.0,0.0,Urban,N,0,6085.0,333.3333333333333,19.72062448320121,8.713746330456916,1
Female,No,0,Graduate,No,4000,2275.0,144.0,360.0,1.0,Semiurban,Y,0,6275.0,400.0,22.948207167657657,8.744488113852924,1
Female,Yes,0,Not Graduate,No,1928,1644.0,100.0,360.0,1.0,Semiurban,Y,0,3572.0,277.77777777777777,27.995520708847838,8.181160858023409,1
Female,No,0,Graduate,No,3086,0.0,120.0,360.0,1.0,Semiurban,Y,0,3086.0,333.3333333333333,38.885288386621745,8.034955024502159,0
Female,No,0,Graduate,No,4230,0.0,112.0,360.0,1.0,Semiurban,N,0,4230.0,311.1111111111111,26.477541364898926,8.350193650720067,0
Male,Yes,2,Graduate,No,4616,0.0,134.0,360.0,1.0,Urban,N,0,4616.0,372.22222222222223,29.02946273201268,8.43750042250699,0
Male,Yes,2,Graduate,No,2708,1167.0,97.0,360.0,1.0,Semiurban,Y,0,3875.0,269.44444444444446,25.032258058056193,8.262558973010657,1
Male,Yes,0,Graduate,No,2132,1591.0,96.0,360.0,1.0,Semiurban,Y,0,3723.0,266.6666666666667,25.785656721518762,8.222553638396958,1
Male,Yes,0,Graduate,No,3366,2200.0,135.0,360.0,1.0,Rural,N,0,5566.0,375.0,24.254401720399855,8.624611588183507,1
Male,Yes,2,Not Graduate,No,3357,2859.0,144.0,360.0,1.0,Urban,Y,0,6216.0,400.0,23.166023162296327,8.735042754269337,1
Male,Yes,0,Graduate,No,2500,3796.0,120.0,360.0,1.0,Urban,Y,0,6296.0,333.3333333333333,19.059720454406015,8.747828608488742,1
Male,Yes,3,Graduate,No,3029,0.0,99.0,360.0,1.0,Urban,Y,0,3029.0,275.0,32.684054132491234,8.016317898503415,0
Female,No,0,Graduate,No,4166,0.0,116.0,360.0,0.0,Semiurban,N,0,4166.0,322.22222222222223,27.84445510613431,8.334951631422454,0
Male,No,0,Not Graduate,No,3200,2254.0,126.0,180.0,0.0,Urban,N,0,5454.0,700.0,23.102310226787253,8.604287898267172,1
Male,Yes,3,Not Graduate,Yes,7100,0.0,125.0,60.0,1.0,Urban,Y,0,7100.0,2083.3333333333335,17.605633800337234,8.867990898182093,0
Female,No,0,Graduate,No,4300,0.0,136.0,360.0,0.0,Semiurban,N,0,4300.0,377.77777777777777,31.627906969388857,8.366602832783736,0
Male,Yes,2,Not Graduate,Yes,1875,1875.0,97.0,360.0,1.0,Semiurban,Y,0,3750.0,269.44444444444446,25.86666665976889,8.229777750081887,1
Male,No,0,Graduate,No,3500,0.0,81.0,300.0,1.0,Semiurban,Y,0,3500.0,270.0,23.1428571362449,8.160803920954665,0
Male,Yes,3,Not Graduate,No,4755,0.0,95.0,360.0,0.0,Semiurban,N,0,4755.0,263.8888888888889,19.97896950158171,8.467162257810672,0
Male,No,0,Graduate,No,3750,0.0,113.0,480.0,1.0,Urban,N,0,3750.0,235.41666666666666,30.13333332529778,8.229777750081887,0
Male,Yes,1,Graduate,Yes,1000,3022.0,110.0,360.0,1.0,Urban,N,0,4022.0,305.55555555555554,27.34957731791408,8.299783171949787,1
Male,Yes,3,Not Graduate,Yes,3333,2166.0,130.0,360.0,0.0,Semiurban,Y,1,5499.0,361.1111111111111,23.640661934235194,8.612503371220562,1
Female,No,0,Graduate,No,3846,0.0,111.0,360.0,1.0,Semiurban,Y,0,3846.0,308.3333333333333,28.861154438673648,8.255048902752295,0
Male,Yes,1,Graduate,No,3988,0.0,50.0,240.0,1.0,Urban,Y,0,3988.0,208.33333333333334,12.537612835371712,8.291295851905407,0
Male,No,0,Graduate,No,2366,2531.0,136.0,360.0,1.0,Semiurban,Y,0,4897.0,377.77777777777777,27.77210536496383,8.496582237512113,1
Male,Yes,2,Not Graduate,No,3333,2000.0,99.0,360.0,0.0,Semiurban,Y,1,5333.0,275.0,18.563660225283392,8.58185670474196,1
Male,Yes,0,Graduate,No,2500,2118.0,104.0,360.0,1.0,Semiurban,Y,0,4618.0,288.8888888888889,22.520571671173542,8.437933510430605,1
Male,Yes,0,Graduate,No,2958,2900.0,131.0,360.0,1.0,Semiurban,Y,0,5858.0,363.8888888888889,22.362581081877334,8.675734219544788,1
Male,Yes,2,Not Graduate,No,3273,1820.0,81.0,360.0,1.0,Urban,Y,0,5093.0,225.0,15.904182207754921,8.535818655539403,1
Male,No,0,Graduate,No,4133,0.0,122.0,360.0,1.0,Semiurban,Y,0,4133.0,338.8888888888889,29.518509550080203,8.327000740241713,0
Male,No,0,Not Graduate,No,3620,0.0,25.0,120.0,1.0,Semiurban,Y,0,3620.0,208.33333333333334,6.9060773461585425,8.19450550976564,0
Female,Yes,0,Graduate,No,2484,2302.0,137.0,360.0,1.0,Semiurban,Y,0,4786.0,380.55555555555554,28.625156701081245,8.473659189392508,1
Male,Yes,0,Graduate,No,1977,997.0,50.0,360.0,1.0,Semiurban,Y,0,2974.0,138.88888888888889,16.81237390154258,7.99799931797973,1
Male,Yes,0,Not Graduate,No,4188,0.0,115.0,180.0,1.0,Semiurban,Y,0,4188.0,638.8888888888889,27.45940782534398,8.340217320947035,0
Male,Yes,0,Graduate,No,1759,3541.0,131.0,360.0,1.0,Semiurban,Y,0,5300.0,363.8888888888889,24.716981127411888,8.575650760987806,1
Male,Yes,2,Not Graduate,No,4288,3263.0,133.0,180.0,1.0,Urban,Y,0,7551.0,738.8888888888889,17.613561115400138,8.929567707825337,1
Male,Yes,1,Graduate,No,3052,1030.0,100.0,360.0,1.0,Urban,Y,0,4082.0,277.77777777777777,24.497795192430722,8.314587291319576,1
Male,No,0,Not Graduate,No,7333,0.0,120.0,360.0,1.0,Rural,N,0,7333.0,333.3333333333333,16.36438019686835,8.900276348631271,0
Male,Yes,3,Not Graduate,No,2071,754.0,94.0,480.0,1.0,Semiurban,Y,0,2825.0,195.83333333333334,33.274336271407314,7.946617563244473,1
Male,No,0,Graduate,No,5316,0.0,136.0,360.0,1.0,Urban,Y,0,5316.0,377.77777777777777,25.583145217158926,8.57866451350434,0
Female,Yes,0,Graduate,No,2929,2333.0,139.0,360.0,1.0,Semiurban,Y,0,5262.0,386.1111111111111,26.415811473505165,8.56845648535378,1
Male,No,0,Graduate,No,5050,0.0,118.0,360.0,1.0,Semiurban,Y,0,5050.0,327.77777777777777,23.36633662903637,8.527341522468053,0
Male,Yes,1,Graduate,No,2214,1398.0,85.0,360.0,0.0,Urban,Y,1,3612.0,236.11111111111111,23.532668874990957,8.19229373114764,1
Female,No,0,Graduate,No,4166,0.0,44.0,360.0,1.0,Semiurban,Y,0,4166.0,122.22222222222223,10.561689867844049,8.334951631422454,0
Female,No,0,Graduate,No,2137,8980.0,137.0,360.0,0.0,Semiurban,Y,0,11117.0,380.55555555555554,12.323468560553794,9.316320695513415,1
Male,Yes,2,Graduate,No,2957,0.0,81.0,360.0,1.0,Semiurban,Y,0,2957.0,225.0,27.39262765390848,7.992268643270745,0
Female,No,0,Graduate,No,3692,0.0,93.0,360.0,0.0,Rural,Y,1,3692.0,258.3333333333333,25.189599126438353,8.214194414852564,0
Male,No,0,Graduate,No,2014,1929.0,74.0,360.0,1.0,Urban,Y,0,3943.0,205.55555555555554,18.767435957705445,8.279950715722526,1
Male,No,0,Graduate,No,2718,0.0,70.0,360.0,1.0,Semiurban,Y,0,2718.0,194.44444444444446,25.754231042768865,7.908019444632471,0
Male,Yes,0,Graduate,Yes,3459,0.0,25.0,120.0,1.0,Semiurban,Y,0,3459.0,208.33333333333334,7.227522403229973,8.14902386805177,0
Male,No,0,Graduate,No,4895,0.0,102.0,360.0,1.0,Semiurban,Y,0,4895.0,283.3333333333333,20.837589372658304,8.496173824192162,0
Female,Yes,0,Graduate,No,4583,0.0,84.0,360.0,1.0,Rural,N,0,4583.0,233.33333333333334,18.328605712780142,8.430327258394575,0
Male,Yes,2,Graduate,Yes,3316,3500.0,88.0,360.0,1.0,Urban,Y,0,6816.0,244.44444444444446,12.910798120171536,8.827174771362785,1
Male,Yes,2,Not Graduate,No,4200,1430.0,129.0,360.0,1.0,Rural,N,0,5630.0,358.3333333333333,22.91296624815045,8.636042325254618,1
Male,Yes,0,Graduate,No,2698,2034.0,122.0,360.0,1.0,Semiurban,Y,0,4732.0,338.8888888888889,25.781910391846594,8.462314529906248,1
Female,Yes,0,Graduate,No,2330,4486.0,100.0,360.0,1.0,Semiurban,Y,0,6816.0,277.77777777777777,14.671361500194928,8.827174771362785,1
Male,Yes,1,Graduate,No,1538,1425.0,30.0,360.0,1.0,Urban,Y,0,2963.0,83.33333333333333,10.12487343566491,7.994294986415977,1
Male,Yes,0,Graduate,No,4860,830.0,125.0,360.0,1.0,Semiurban,Y,0,5690.0,347.22222222222223,21.96836554974194,8.646641258603124,1
Male,No,0,Graduate,No,6277,0.0,118.0,360.0,0.0,Rural,N,0,6277.0,327.77777777777777,18.798789227529266,8.744806737401898,0
Male,Yes,2,Not Graduate,No,2281,0.0,113.0,360.0,1.0,Rural,N,0,2281.0,313.8888888888889,49.53967555916718,7.732807530422021,0
Male,No,0,Graduate,No,3254,0.0,50.0,360.0,1.0,Urban,Y,0,3254.0,138.88888888888889,15.365703744509618,8.08794755464267,0
Male,No,0,Graduate,No,2980,2083.0,120.0,360.0,1.0,Rural,Y,0,5063.0,333.3333333333333,23.70136282368134,8.529911963824013,1
Male,Yes,0,Not Graduate,No,1863,1041.0,98.0,360.0,1.0,Semiurban,Y,0,2904.0,272.22222222222223,33.74655646220849,7.974188669286011,1
Male,Yes,1,Graduate,No,3089,1280.0,121.0,360.0,0.0,Semiurban,N,0,4369.0,336.1111111111111,27.695124736164995,8.382518288089635,1
Male,Yes,0,Graduate,No,9323,0.0,75.0,180.0,1.0,Urban,Y,0,9323.0,416.6666666666667,8.04462082934199,9.140347000155648,0
Female,Yes,0,Graduate,No,4583,0.0,112.0,360.0,1.0,Rural,N,0,4583.0,311.1111111111111,24.438140950373523,8.430327258394575,0
Male,Yes,0,Graduate,No,2439,3333.0,129.0,360.0,1.0,Rural,Y,0,5772.0,358.3333333333333,22.349272345400333,8.660947155060933,1
Male,No,0,Graduate,No,2237,0.0,63.0,480.0,0.0,Semiurban,N,0,2237.0,131.25,28.162717913203974,7.71333788887187,0
Male,Yes,0,Not Graduate,No,1820,1769.0,95.0,360.0,1.0,Rural,Y,0,3589.0,263.8888888888889,26.469768730434726,8.185907481482324,1
Male,Yes,3,Not Graduate,No,3522,0.0,81.0,180.0,1.0,Rural,N,0,3522.0,450.0,22.998296415957327,8.167068178341237,0
Male,Yes,0,Not Graduate,Yes,4344,736.0,87.0,360.0,1.0,Semiurban,N,0,5080.0,241.66666666666666,17.125984248597245,8.533263371593732,1
Male,Yes,0,Graduate,No,3497,1964.0,116.0,360.0,1.0,Rural,Y,0,5461.0,322.22222222222223,21.241530851265054,8.60557030203365,1
Male,Yes,2,Graduate,No,2045,1619.0,101.0,360.0,1.0,Rural,Y,0,3664.0,280.55555555555554,27.565502175882777,8.206583614320753,1
Male,Yes,1,Graduate,No,3750,0.0,116.0,360.0,1.0,Semiurban,Y,0,3750.0,322.22222222222223,30.933333325084444,8.229777750081887,0
Male,No,0,Not Graduate,No,2333,1451.0,102.0,480.0,0.0,Urban,N,0,3784.0,212.5,26.955602529874312,8.23880116587155,1
Male,No,0,Graduate,No,1916,5063.0,67.0,360.0,0.0,Rural,N,1,6979.0,186.11111111111111,9.600229257830602,8.850804195756417,1
Male,Yes,0,Graduate,No,4600,0.0,73.0,180.0,1.0,Semiurban,Y,0,4600.0,405.55555555555554,15.869565213941398,8.434028950155469,0
Female,Yes,0,Graduate,No,3625,0.0,108.0,360.0,1.0,Semiurban,Y,0,3625.0,300.0,29.793103440057077,8.195885391314796,0
Male,Yes,1,Graduate,Yes,2178,0.0,66.0,300.0,0.0,Rural,N,0,2178.0,220.0,30.303030289117068,7.68662133494462,0
Male,Yes,0,Graduate,No,2383,2138.0,58.0,360.0,0.0,Rural,Y,1,4521.0,161.11111111111111,12.82902012545255,8.416709652837914,1
Male,No,0,Not Graduate,No,4885,0.0,48.0,360.0,1.0,Rural,Y,0,4885.0,133.33333333333334,9.825997950905629,8.494129251817686,0
Male,No,0,Graduate,No,3858,0.0,76.0,360.0,1.0,Semiurban,Y,0,3858.0,211.11111111111111,19.69932607058079,8.258163361537619,0
Male,No,0,Graduate,No,4191,0.0,120.0,360.0,1.0,Rural,Y,0,4191.0,333.3333333333333,28.632784531464377,8.340933226000878,0
Female,No,0,Not Graduate,No,1907,2365.0,120.0,360.0,1.0,Urban,Y,0,4272.0,333.3333333333333,28.08988763387409,8.360071435644025,1
Female,Yes,0,Graduate,No,3416,2816.0,113.0,360.0,0.0,Semiurban,Y,1,6232.0,313.8888888888889,18.132220792982633,8.73761303680885,1
Male,Yes,1,Not Graduate,No,2600,2500.0,90.0,360.0,1.0,Semiurban,Y,0,5100.0,250.0,17.6470588200692,8.537191877922927,1
Male,Yes,1,Not Graduate,No,3500,1083.0,135.0,360.0,1.0,Urban,Y,0,4583.0,375.0,29.45668775268237,8.430327258394575,1
Male,Yes,2,Not Graduate,No,3917,0.0,124.0,360.0,1.0,Semiurban,Y,0,3917.0,344.44444444444446,31.6568802574274,8.273336598504486,0
Female,No,0,Not Graduate,No,4408,0.0,120.0,360.0,1.0,Semiurban,Y,0,4408.0,333.3333333333333,27.22323048384228,8.391403185357937,0
Female,No,0,Graduate,No,3244,0.0,80.0,360.0,1.0,Urban,Y,0,3244.0,222.22222222222223,24.660912446158783,8.08487062913819,0
Male,No,0,Not Graduate,No,3975,2531.0,55.0,360.0,1.0,Rural,Y,0,6506.0,152.77777777777777,8.45373501253401,8.780633799494984,1
Male,No,0,Graduate,No,2479,0.0,59.0,360.0,1.0,Urban,Y,0,2479.0,163.88888888888889,23.79991931270677,7.8160138391590275,0
Male,No,0,Graduate,No,3418,0.0,127.0,360.0,1.0,Semiurban,N,0,3418.0,352.77777777777777,37.156231703582144,8.137103389639302,0
Male,Yes,3,Graduate,No,3430,1250.0,128.0,360.0,0.0,Semiurban,N,0,4680.0,355.55555555555554,27.35042734458324,8.45126704130007,1
Male,Yes,3,Not Graduate,Yes,5703,0.0,130.0,360.0,1.0,Rural,Y,0,5703.0,361.1111111111111,22.795020160828507,8.648922962094131,0
Male,Yes,0,Graduate,No,3173,3021.0,137.0,360.0,1.0,Urban,Y,0,6194.0,380.55555555555554,22.118178879218892,8.731497794063243,1
Male,Yes,3,Not Graduate,No,3850,983.0,100.0,360.0,1.0,Semiurban,Y,0,4833.0,277.77777777777777,20.6910821393149,8.483429561263428,1
Male,Yes,0,Graduate,No,150,1800.0,135.0,360.0,1.0,Rural,N,0,1950.0,375.0,69.23076919526626,7.576097340623111,1
Male,Yes,0,Graduate,No,3727,1775.0,131.0,360.0,1.0,Semiurban,Y,0,5502.0,363.8888888888889,23.809523805196378,8.613048677059759,1
Male,Yes,2,Graduate,No,5000,0.0,72.0,360.0,0.0,Semiurban,N,0,5000.0,200.0,14.399999997119998,8.517393171418904,0
Female,Yes,2,Graduate,No,4283,2383.0,127.0,360.0,0.0,Semiurban,Y,1,6666.0,352.77777777777777,19.051905187660978,8.80492526261806,1
Male,Yes,0,Graduate,No,2221,0.0,60.0,360.0,0.0,Urban,N,0,2221.0,166.66666666666666,27.014858159831224,7.706162970199575,0
Male,Yes,2,Graduate,No,4009,1717.0,116.0,360.0,1.0,Semiurban,Y,0,5726.0,322.22222222222223,20.258470132682767,8.652947112393857,1
Male,No,0,Graduate,No,2971,2791.0,144.0,360.0,1.0,Semiurban,Y,0,5762.0,400.0,24.991322453142775,8.659213451436667,1
Male,Yes,0,Graduate,No,6250,0.0,128.0,360.0,1.0,Semiurban,Y,0,6250.0,355.55555555555554,20.479999996723198,8.740496729931813,0
Male,Yes,0,Not Graduate,Yes,4735,0.0,138.0,360.0,1.0,Urban,N,0,4735.0,383.3333333333333,29.14466736448898,8.462948176563842,0
Male,Yes,1,Graduate,No,2491,2054.0,104.0,360.0,1.0,Semiurban,Y,0,4545.0,288.8888888888889,22.882288223788272,8.422003004412488,1
Male,Yes,0,Graduate,No,3716,0.0,42.0,180.0,1.0,Rural,Y,0,3716.0,233.33333333333334,11.302475777367471,8.220672170297252,0
Male,No,0,Not Graduate,No,3189,2598.0,120.0,360.0,1.0,Rural,Y,0,5787.0,333.3333333333333,20.736132707666123,8.663542087751374,1
Male,Yes,1,Graduate,No,3155,1779.0,140.0,360.0,1.0,Semiurban,Y,0,4934.0,388.8888888888889,28.37454397479235,8.504107951867582,1
Female,No,0,Graduate,Yes,3463,0.0,122.0,360.0,0.0,Urban,Y,1,3463.0,338.8888888888889,35.229569727048926,8.150179269682326,0
Female,No,1,Graduate,No,3812,0.0,112.0,360.0,1.0,Rural,Y,0,3812.0,311.1111111111111,29.380902405723795,8.246171559857563,0
Male,Yes,1,Graduate,No,3315,0.0,96.0,360.0,1.0,Semiurban,Y,0,3315.0,266.6666666666667,28.95927600936372,8.106514516255185,0
Male,Yes,2,Graduate,No,5819,5000.0,120.0,360.0,1.0,Rural,Y,0,10819.0,333.3333333333333,11.091598113403125,9.289151552400472,1
Male,Yes,1,Not Graduate,No,2510,1983.0,140.0,180.0,1.0,Urban,N,0,4493.0,777.7777777777778,31.159581564398042,8.410498452745275,1
Male,Yes,2,Graduate,Yes,6250,1300.0,108.0,360.0,1.0,Rural,Y,0,7550.0,300.0,14.304635759694749,8.929435283803425,1
Male,Yes,0,Not Graduate,No,3406,4417.0,123.0,360.0,1.0,Semiurban,Y,0,7823.0,341.6666666666667,15.722868462773505,8.964951211714654,1
Male,No,0,Graduate,Yes,6050,4333.0,120.0,180.0,1.0,Urban,N,0,10383.0,666.6666666666666,11.557353364966064,9.248021438943871,1
Male,Yes,2,Graduate,No,9703,0.0,112.0,360.0,1.0,Urban,Y,0,9703.0,311.1111111111111,11.54282180649873,9.180293450623886,0
Male,Yes,1,Not Graduate,No,6608,0.0,137.0,180.0,1.0,Urban,Y,0,6608.0,761.1111111111111,20.732445517443637,8.796187635470453,0
Male,Yes,1,Graduate,No,2882,1843.0,123.0,480.0,1.0,Semiurban,Y,0,4725.0,256.25,26.031746026236664,8.460834457746854,1
Male,Yes,0,Graduate,No,1809,1868.0,90.0,360.0,1.0,Urban,Y,0,3677.0,250.0,24.476475380887553,8.210124405164267,1
Female,No,2,Graduate,No,3427,0.0,138.0,360.0,1.0,Urban,N,0,3427.0,383.3333333333333,40.26845636408858,8.13973227971767,0
Male,No,0,Not Graduate,Yes,2583,2167.0,104.0,360.0,1.0,Rural,Y,0,4750.0,288.8888888888889,21.89473683749584,8.46611040118692,1
Male,No,0,Not Graduate,No,6045,0.0,115.0,360.0,0.0,Rural,N,0,6045.0,319.44444444444446,19.023986762775188,8.707152175339404,0
Male,Yes,3,Graduate,No,5250,0.0,94.0,360.0,1.0,Urban,N,0,5250.0,261.1111111111111,17.904761901351474,8.566173813637858,0
Male,Yes,3,Not Graduate,No,4931,0.0,128.0,360.0,0.0,Semiurban,N,1,4931.0,355.55555555555554,25.958223478816013,8.503499864284235,0
Male,No,0,Graduate,No,2060,2209.0,134.0,360.0,1.0,Semiurban,Y,0,4269.0,372.22222222222223,31.38908408728295,8.35936910622267,1
Female,No,0,Graduate,No,7200,0.0,120.0,360.0,1.0,Rural,Y,0,7200.0,333.3333333333333,16.66666666435185,8.881975184248867,0
Male,No,0,Graduate,Yes,5166,0.0,128.0,360.0,1.0,Semiurban,Y,0,5166.0,355.55555555555554,24.777390626252924,8.550047528287184,0
Male,Yes,2,Graduate,No,4708,1387.0,150.0,360.0,1.0,Semiurban,Y,0,6095.0,416.6666666666667,24.610336337225537,8.715388097366482,1
Female,No,0,Graduate,No,3418,0.0,135.0,360.0,1.0,Rural,N,0,3418.0,375.0,39.49678173215425,8.137103389639302,0
Female,No,1,Graduate,No,2876,1560.0,90.0,360.0,1.0,Urban,Y,0,4436.0,250.0,20.28854823708554,8.39773375137891,1
Female,No,0,Graduate,No,3237,0.0,30.0,360.0,1.0,Urban,Y,0,3237.0,83.33333333333333,9.267840590278702,8.08271113423758,0
Male,No,0,Graduate,No,2833,1857.0,126.0,360.0,1.0,Rural,Y,0,4690.0,350.0,26.865671636062753,8.453401058328458,1
Male,Yes,0,Graduate,No,2620,2223.0,150.0,360.0,1.0,Semiurban,Y,0,4843.0,416.6666666666667,30.97253767685886,8.485496104672983,1
Male,Yes,2,Graduate,No,3900,0.0,90.0,360.0,1.0,Semiurban,Y,0,3900.0,250.0,23.07692307100592,8.268988209506656,0
Male,Yes,1,Graduate,No,2750,1842.0,115.0,360.0,1.0,Semiurban,Y,0,4592.0,319.44444444444446,25.043554001514902,8.432288684325794,1
Male,Yes,0,Graduate,No,3103,1300.0,80.0,360.0,1.0,Urban,Y,0,4403.0,222.22222222222223,18.169429930009212,8.390268497842571,1
Female,Yes,0,Not Graduate,No,4100,0.0,124.0,360.0,0.0,Rural,Y,1,4100.0,344.44444444444446,30.243902431647825,8.31898612539206,0
Male,Yes,0,Graduate,No,3927,800.0,112.0,360.0,1.0,Semiurban,Y,0,4727.0,311.1111111111111,23.693674630062684,8.461257559085935,1
Male,Yes,2,Graduate,No,2301,985.7999877999998,78.0,180.0,1.0,Urban,Y,0,3286.7999878,433.3333333333333,23.731288872395776,8.097973923364721,1
Female,No,0,Graduate,No,1811,1666.0,54.0,360.0,1.0,Urban,Y,0,3477.0,150.0,15.530629848855154,8.154212694914229,1
Male,No,0,Graduate,No,3158,3053.0,89.0,360.0,1.0,Rural,Y,0,6211.0,247.22222222222223,14.329415550743935,8.734238184268577,1
Female,No,0,Graduate,Yes,2600,1717.0,99.0,300.0,1.0,Semiurban,N,0,4317.0,330.0,22.932592072519668,8.370547611074752,1
Male,Yes,0,Graduate,No,3704,2000.0,120.0,360.0,1.0,Rural,Y,0,5704.0,333.3333333333333,21.03786815900458,8.649098262296176,1
Female,No,0,Graduate,No,4124,0.0,115.0,360.0,1.0,Semiurban,Y,0,4124.0,319.44444444444446,27.88554800487741,8.324821298768782,0
Male,Yes,0,Graduate,No,3075,2416.0,139.0,360.0,1.0,Rural,Y,0,5491.0,386.1111111111111,25.31415042336293,8.61104776688786,1
Male,Yes,2,Graduate,No,4400,0.0,127.0,360.0,0.0,Semiurban,N,0,4400.0,352.77777777777777,28.863636357076444,8.38958706681109,0
Male,Yes,2,Graduate,No,3153,1560.0,134.0,360.0,1.0,Urban,Y,0,4713.0,372.22222222222223,28.431996599102057,8.458292083496076,1
Female,No,0,Graduate,No,5417,0.0,143.0,480.0,0.0,Urban,N,0,5417.0,297.9166666666667,26.398375479712318,8.59748202264504,0
Male,Yes,3,Graduate,No,4416,1250.0,110.0,360.0,1.0,Urban,Y,0,5666.0,305.55555555555554,19.41404870818672,8.64241515616962,1
Female,Yes,1,Graduate,No,4666,0.0,135.0,360.0,1.0,Urban,Y,0,4666.0,375.0,28.932704665895262,8.448271745949816,0
Male,Yes,1,Graduate,No,2014,2925.0,113.0,360.0,1.0,Urban,N,0,4939.0,313.8888888888889,22.87912532438163,8.505120610181969,1
Male,Yes,0,Not Graduate,No,1800,2934.0,93.0,360.0,0.0,Urban,N,0,4734.0,258.3333333333333,19.645120401426883,8.462737005620179,1
Male,Yes,0,Not Graduate,No,2875,1750.0,105.0,360.0,1.0,Semiurban,Y,0,4625.0,291.6666666666667,22.70270269779401,8.439447842791385,1
Female,No,0,Graduate,No,5000,0.0,132.0,360.0,1.0,Rural,Y,0,5000.0,366.6666666666667,26.399999994719998,8.517393171418904,0
Male,Yes,1,Graduate,No,1625,1803.0,96.0,360.0,1.0,Urban,Y,0,3428.0,266.6666666666667,28.004667436404706,8.14002395246292,1
Male,No,0,Graduate,No,4000,2500.0,140.0,360.0,1.0,Rural,Y,0,6500.0,388.8888888888889,21.538461535147928,8.77971129020447,1
Female,No,0,Graduate,No,3762,1666.0,135.0,360.0,1.0,Rural,Y,0,5428.0,375.0,24.871039052160825,8.599510233905452,1
Female,No,0,Graduate,No,2400,1863.0,104.0,360.0,0.0,Urban,N,0,4263.0,288.8888888888889,24.395965276942064,8.357962965845681,1
Female,No,0,Graduate,No,2917,0.0,84.0,360.0,1.0,Semiurban,Y,0,2917.0,233.33333333333334,28.796708937676822,7.978653729082731,0
Male,No,0,Not Graduate,No,2927,2405.0,111.0,360.0,1.0,Semiurban,Y,0,5332.0,308.3333333333333,20.81770442220223,8.581669210600602,1
Female,No,0,Graduate,No,2507,0.0,56.0,360.0,1.0,Rural,Y,0,2507.0,155.55555555555554,22.337455116738152,7.827240901752812,0
Male,Yes,2,Graduate,Yes,5746,0.0,144.0,84.0,0.0,Rural,Y,1,5746.0,1714.2857142857142,25.060911934378538,8.656433258507741,0
Male,Yes,1,Not Graduate,No,3399,1640.0,111.0,180.0,1.0,Urban,Y,0,5039.0,616.6666666666666,22.02818019011149,8.525161361065415,1
Male,Yes,2,Graduate,No,3717,0.0,120.0,360.0,1.0,Semiurban,Y,0,3717.0,333.3333333333333,32.28410007202473,8.220941168281389,0
Male,Yes,0,Graduate,No,2058,2134.0,88.0,360.0,0.0,Urban,Y,1,4192.0,244.44444444444446,20.992366407206017,8.341171747170762,1
Female,No,1,Graduate,No,3541,0.0,112.0,360.0,0.0,Semiurban,Y,1,3541.0,311.1111111111111,31.629483187904693,8.17244681834278,0
Male,Yes,0,Graduate,No,2400,2167.0,115.0,360.0,1.0,Semiurban,Y,0,4567.0,319.44444444444446,25.180643743117876,8.426830751335846,1
Male,Yes,3,Graduate,No,4342,189.0,124.0,360.0,1.0,Semiurban,Y,0,4531.0,344.44444444444446,27.36702714028536,8.418918622147897,1
Female,No,0,Graduate,No,3166,2985.0,132.0,360.0,0.0,Rural,Y,1,6151.0,366.6666666666667,21.459925211923274,8.72453251118548,1
Male,No,0,Graduate,No,4917,0.0,130.0,360.0,0.0,Rural,Y,0,4917.0,361.1111111111111,26.438885493911148,8.500657222776137,0
Female,Yes,0,Graduate,No,4333,2451.0,110.0,360.0,1.0,Urban,N,0,6784.0,305.55555555555554,16.214622639119305,8.82246957226897,1
Female,No,0,Graduate,No,2500,0.0,67.0,360.0,1.0,Urban,Y,0,2500.0,186.11111111111111,26.79999998928,7.824445930877619,0
Male,No,1,Graduate,No,4384,1793.0,117.0,360.0,1.0,Urban,Y,0,6177.0,325.0,18.941233605481425,8.728749873478527,1
Male,No,0,Graduate,No,2935,0.0,98.0,360.0,1.0,Semiurban,Y,0,2935.0,272.22222222222223,33.39011923904936,7.984803389734406,0
Male,No,0,Graduate,No,2833,0.0,71.0,360.0,1.0,Urban,Y,0,2833.0,197.22222222222223,25.061771964326944,7.949444420250626,0
Male,Yes,0,Graduate,Yes,5503,4490.0,70.0,360.0,1.0,Semiurban,Y,0,9993.0,194.44444444444446,7.004903431701701,9.20974019190415,1
Female,No,0,Graduate,No,4160,0.0,71.0,360.0,1.0,Semiurban,Y,0,4160.0,197.22222222222223,17.067307688204973,8.333510708982942,0
Female,No,0,Graduate,No,2378,0.0,46.0,360.0,1.0,Rural,N,0,2378.0,127.77777777777777,19.34398653517915,7.774435510302958,0
Male,Yes,3,Not Graduate,No,3173,0.0,74.0,360.0,1.0,Semiurban,Y,0,3173.0,205.55555555555554,23.321777490286234,8.062747901086354,0
Male,Yes,2,Graduate,No,2583,2330.0,125.0,360.0,1.0,Rural,Y,0,4913.0,347.22222222222223,25.442703027591552,8.499843553081124,1
Male,Yes,2,Not Graduate,No,3083,2168.0,126.0,360.0,1.0,Urban,Y,0,5251.0,350.0,23.995429437441356,8.566364235422688,1
Male,Yes,3,Graduate,No,2666,2083.0,95.0,360.0,1.0,Rural,Y,0,4749.0,263.8888888888889,20.004211408716735,8.465899897028686,1
Female,Yes,0,Graduate,Yes,5500,0.0,105.0,360.0,0.0,Rural,N,0,5500.0,291.6666666666667,19.090909087438014,8.612685172875459,0
Female,Yes,0,Graduate,No,2423,505.0,130.0,360.0,1.0,Semiurban,Y,0,2928.0,361.1111111111111,44.39890708866158,7.982416346827733,1
Female,No,0,Graduate,No,3813,0.0,116.0,180.0,1.0,Urban,Y,0,3813.0,644.4444444444445,30.422239698289474,8.246433786160365,0
Male,Yes,1,Graduate,No,3875,0.0,67.0,360.0,1.0,Urban,N,0,3875.0,186.11111111111111,17.290322576183144,8.262558973010657,0
Male,Yes,0,Not Graduate,No,3000,1666.0,100.0,480.0,0.0,Urban,N,0,4666.0,208.33333333333334,21.43163308584834,8.448271745949816,1
Female,No,1,Graduate,No,4723,0.0,81.0,360.0,1.0,Semiurban,N,0,4723.0,225.0,17.15011644777681,8.460411177317253,0
Male,Yes,0,Graduate,No,4750,2333.0,130.0,360.0,1.0,Urban,Y,0,7083.0,361.1111111111111,18.353804882344512,8.865593998902725,1
Male,Yes,0,Graduate,No,3013,3033.0,95.0,300.0,0.0,Urban,Y,1,6046.0,316.6666666666667,15.712868009309812,8.707317560273212,1
Male,No,0,Graduate,Yes,6822,0.0,141.0,360.0,1.0,Rural,Y,0,6822.0,391.6666666666667,20.66842567858862,8.828054536815424,0
Male,No,0,Not Graduate,No,6216,0.0,133.0,360.0,1.0,Rural,N,0,6216.0,369.44444444444446,21.396396392954248,8.735042754269337,0
Male,No,0,Graduate,No,2500,0.0,96.0,480.0,1.0,Semiurban,N,0,2500.0,200.0,38.399999984640004,7.824445930877619,0
Male,No,0,Graduate,No,5124,0.0,124.0,360.0,0.0,Rural,N,0,5124.0,344.44444444444446,24.199843867252177,8.54188580400661,0
Male,No,1,Graduate,No,3062,1987.0,111.0,180.0,0.0,Urban,N,0,5049.0,616.6666666666666,21.984551391961862,8.527143522269405,1
Female,No,0,Graduate,No,2764,1459.0,110.0,360.0,1.0,Urban,Y,0,4223.0,305.55555555555554,26.04783328769883,8.348537825386098,1
Male,Yes,0,Graduate,No,4817,923.0,120.0,180.0,1.0,Urban,Y,0,5740.0,666.6666666666666,20.905923341305588,8.655388690167637,1
Male,Yes,3,Graduate,No,8750,4996.0,130.0,360.0,1.0,Rural,Y,0,13746.0,361.1111111111111,9.457296667433631,9.52857589747142,1
Male,Yes,0,Graduate,No,4310,0.0,130.0,360.0,0.0,Semiurban,Y,1,4310.0,361.1111111111111,30.1624129860412,8.368925174747135,0
Male,No,0,Graduate,No,3069,0.0,71.0,480.0,1.0,Urban,N,0,3069.0,147.91666666666666,23.13457151413015,8.029432840581244,0
Male,Yes,2,Graduate,No,5391,0.0,130.0,360.0,1.0,Urban,Y,0,5391.0,361.1111111111111,24.114264510459233,8.592671652592143,0
Male,Yes,0,Graduate,No,3333,2500.0,128.0,360.0,1.0,Semiurban,Y,0,5833.0,355.55555555555554,21.94411108830034,8.671458150427666,1
Male,No,0,Graduate,Yes,7167,0.0,128.0,360.0,1.0,Urban,Y,0,7167.0,355.55555555555554,17.85963443311572,8.877381954654766,0
Male,Yes,2,Graduate,No,4566,0.0,100.0,360.0,1.0,Urban,N,0,4566.0,277.77777777777777,21.90100744154599,8.426611813185,0
Male,No,1,Graduate,No,3667,0.0,113.0,180.0,1.0,Urban,Y,0,3667.0,627.7777777777778,30.81538041155839,8.207401833376355,0
Male,No,0,Not Graduate,No,2346,1600.0,132.0,360.0,1.0,Semiurban,Y,0,3946.0,366.6666666666667,33.45159654499453,8.280711075662847,1
Male,Yes,0,Graduate,No,2333,2417.0,136.0,360.0,1.0,Urban,Y,0,4750.0,377.77777777777777,28.631578941340717,8.46611040118692,1
Male,Yes,0,Graduate,No,5488,0.0,125.0,360.0,1.0,Rural,Y,0,5488.0,347.22222222222223,22.776967925878832,8.610501368549889,0
Male,Yes,0,Graduate,No,2583,2115.0,120.0,360.0,0.0,Urban,Y,1,4698.0,333.3333333333333,25.54278415803687,8.455104999102815,1
Male,Yes,2,Not Graduate,No,1993,1625.0,113.0,180.0,1.0,Semiurban,Y,0,3618.0,627.7777777777778,31.232725253943414,8.193953023563742,1
Male,Yes,2,Graduate,No,3100,1400.0,113.0,360.0,1.0,Urban,Y,0,4500.0,313.8888888888889,25.111111105530863,8.412054873292933,1
Male,Yes,2,Graduate,No,3276,484.0,135.0,360.0,0.0,Semiurban,Y,1,3760.0,375.0,35.90425530959993,8.232440158470336,1
Female,No,0,Graduate,No,3180,0.0,71.0,360.0,0.0,Urban,N,0,3180.0,197.22222222222223,22.32704401813615,8.064950891749143,0
Male,Yes,0,Graduate,No,3033,1459.0,95.0,360.0,1.0,Urban,Y,0,4492.0,263.8888888888889,21.148708810964223,8.41027590907016,1
Male,No,0,Not Graduate,No,3902,1666.0,109.0,360.0,1.0,Rural,Y,0,5568.0,302.77777777777777,19.576149421771525,8.624970783589669,1
Female,No,0,Graduate,No,1500,1800.0,103.0,360.0,0.0,Semiurban,N,0,3300.0,286.1111111111111,31.212121202662996,8.101980731853192,1
Male,Yes,2,Not Graduate,No,2889,0.0,45.0,180.0,0.0,Urban,N,0,2889.0,250.0,15.576323982147345,7.969011781106478,0
Male,No,0,Not Graduate,No,2755,0.0,65.0,300.0,1.0,Rural,N,0,2755.0,216.66666666666666,23.593466416118524,7.9215356321335495,0
Male,No,0,Graduate,No,2500,20000.0,103.0,360.0,1.0,Semiurban,Y,0,22500.0,286.1111111111111,4.577777777574321,10.021315031649332,1
Female,No,0,Not Graduate,No,1963,0.0,53.0,360.0,1.0,Semiurban,Y,0,1963.0,147.22222222222223,26.999490561895318,7.582738488914411,0
Female,No,0,Graduate,No,4547,0.0,115.0,360.0,1.0,Semiurban,Y,0,4547.0,319.44444444444446,25.291400918123728,8.422442854870427,0
Male,Yes,0,Not Graduate,No,2167,2400.0,115.0,360.0,1.0,Urban,Y,0,4567.0,319.44444444444446,25.180643743117876,8.426830751335846,1
Female,No,0,Not Graduate,No,2213,0.0,66.0,360.0,1.0,Rural,Y,0,2213.0,183.33333333333334,29.82376862637878,7.7025561132685825,0
Female,No,1,Not Graduate,Yes,3867,0.0,62.0,360.0,1.0,Semiurban,N,0,3867.0,172.22222222222223,16.03310059063018,8.260492856573185,0
Male,Yes,0,Not Graduate,No,2253,2033.0,110.0,360.0,1.0,Rural,Y,0,4286.0,305.55555555555554,25.664955663633933,8.363342466597977,1
Female,No,0,Graduate,No,2995,0.0,60.0,360.0,1.0,Urban,Y,0,2995.0,166.66666666666666,20.033388974947115,8.005033344637111,0
Male,Yes,0,Graduate,No,1025,2773.0,112.0,360.0,1.0,Rural,Y,0,3798.0,311.1111111111111,29.48920483689068,8.242493153187626,1
Male,Yes,0,Graduate,No,3246,1417.0,138.0,360.0,1.0,Semiurban,Y,0,4663.0,383.3333333333333,29.594681529145465,8.447628728030327,1
Male,Yes,0,Graduate,No,5829,0.0,138.0,360.0,1.0,Rural,Y,0,5829.0,383.3333333333333,23.67472979521792,8.670772279344538,0
Female,No,0,Not Graduate,No,2720,0.0,80.0,360.0,0.0,Urban,N,0,2720.0,222.22222222222223,29.411764695069206,7.908754738783246,0
Male,Yes,0,Graduate,No,1820,1719.0,100.0,360.0,1.0,Urban,Y,0,3539.0,277.77777777777777,28.25656964445986,8.17188200612782,1
Male,Yes,1,Graduate,No,7250,1667.0,110.0,360.0,0.0,Urban,N,0,8917.0,305.55555555555554,12.335987438338456,9.095826985187422,1
Male,Yes,0,Graduate,No,2666,4300.0,121.0,360.0,1.0,Rural,Y,0,6966.0,336.1111111111111,17.37008325906258,8.848939995030118,1
Female,No,1,Not Graduate,No,4606,0.0,81.0,360.0,1.0,Rural,N,0,4606.0,225.0,17.585757703520244,8.435332164935916,0
Male,Yes,2,Graduate,No,5935,0.0,133.0,360.0,1.0,Semiurban,Y,0,5935.0,369.44444444444446,22.40943554803548,8.688790784847216,0
Male,Yes,0,Graduate,No,2920,16.12000084,87.0,360.0,1.0,Rural,Y,0,2936.12000084,241.66666666666666,29.63094149608295,7.9851847886683345,1
Male,No,0,Not Graduate,No,2717,0.0,60.0,180.0,1.0,Urban,Y,0,2717.0,333.3333333333333,22.08317996978904,7.907651594711089,0
Female,No,1,Graduate,Yes,8624,0.0,150.0,360.0,1.0,Semiurban,Y,0,8624.0,416.6666666666667,17.393320962732684,9.062420241899561,0
Male,No,0,Graduate,No,6500,0.0,105.0,360.0,0.0,Rural,N,0,6500.0,291.6666666666667,16.153846151360945,8.77971129020447,0
Male,Yes,0,Graduate,No,2425,2340.0,143.0,360.0,1.0,Semiurban,Y,0,4765.0,397.22222222222223,30.010493173135256,8.469262657658687,1
Male,No,0,Graduate,No,3750,0.0,100.0,360.0,1.0,Urban,Y,0,3750.0,277.77777777777777,26.666666659555556,8.229777750081887,0
Male,No,0,Graduate,No,1926,1851.0,50.0,360.0,1.0,Semiurban,Y,0,3777.0,138.88888888888889,13.238019588764093,8.236950048061455,1
Female,Yes,0,Not Graduate,Yes,7142,0.0,138.0,360.0,1.0,Rural,Y,0,7142.0,383.3333333333333,19.32231867553594,8.873888135154973,0
Male,No,3,Not Graduate,No,4707,1993.0,148.0,360.0,1.0,Semiurban,Y,0,6700.0,411.1111111111111,22.08955223550902,8.81001204797317,1
Male,Yes,1,Graduate,Yes,3466,1210.0,130.0,360.0,1.0,Rural,Y,0,4676.0,361.1111111111111,27.801539771642098,8.450412157725886,1
Male,Yes,2,Not Graduate,No,4652,0.0,110.0,360.0,1.0,Rural,Y,0,4652.0,305.55555555555554,23.645743761039178,8.445267451844648,0
Male,Yes,0,Graduate,No,3539,1376.0,55.0,360.0,1.0,Rural,N,0,4915.0,152.77777777777777,11.19023397534278,8.500250470685925,1
Male,Yes,2,Graduate,No,3340,1710.0,150.0,360.0,0.0,Rural,N,0,5050.0,416.6666666666667,29.702970291147924,8.527341522468053,1
Male,Yes,2,Not Graduate,No,2309,1255.0,125.0,360.0,0.0,Rural,N,0,3564.0,347.22222222222223,35.072951729777515,8.178919332848396,1
Male,Yes,2,Not Graduate,No,1958,1456.0,60.0,300.0,0.0,Urban,Y,1,3414.0,200.0,17.57469243773442,8.13593277200489,1
Male,Yes,0,Graduate,No,3948,1733.0,149.0,360.0,0.0,Rural,N,0,5681.0,413.8888888888889,26.227776795242423,8.645058562414134,1
Male,Yes,0,Graduate,No,2483,2466.0,90.0,180.0,0.0,Rural,Y,0,4949.0,500.0,18.185492014915035,8.507142855562735,1
Male,No,0,Graduate,Yes,7085,0.0,84.0,360.0,1.0,Semiurban,Y,0,7085.0,233.33333333333334,11.856033872709098,8.865876285425417,0
Male,Yes,2,Graduate,No,3859,0.0,96.0,360.0,1.0,Semiurban,Y,0,3859.0,266.6666666666667,24.87691111042319,8.258422462458876,0
Male,Yes,0,Graduate,No,4301,0.0,118.0,360.0,1.0,Urban,Y,0,4301.0,327.77777777777777,27.43548011452325,8.366835309827675,0
Male,No,2,Graduate,No,4354,0.0,136.0,360.0,1.0,Rural,Y,0,4354.0,377.77777777777777,31.23564537638134,8.379079889286603,0
Male,Yes,3,Graduate,No,7740,0.0,128.0,180.0,1.0,Urban,Y,0,7740.0,711.1111111111111,16.537467698121773,8.954286157204713,0
Female,No,1,Not Graduate,No,5191,0.0,132.0,360.0,1.0,Semiurban,Y,0,5191.0,366.6666666666667,25.42862646398986,8.554874258383926,0
Male,No,0,Graduate,No,4166,0.0,98.0,360.0,0.0,Semiurban,N,0,4166.0,272.22222222222223,23.523763796561745,8.334951631422454,0
Male,No,0,Graduate,No,6000,0.0,140.0,360.0,1.0,Rural,Y,0,6000.0,388.8888888888889,23.333333329444443,8.699681400989514,0
Male,Yes,3,Not Graduate,No,2947,1664.0,70.0,180.0,0.0,Urban,N,0,4611.0,388.8888888888889,15.181088697640188,8.436416881388949,1
Female,Yes,2,Not Graduate,No,210,2917.0,98.0,360.0,1.0,Semiurban,Y,0,3127.0,272.22222222222223,31.339942426818055,8.048149101665201,1
Male,Yes,0,Graduate,No,4333,2451.0,110.0,360.0,1.0,Urban,N,0,6784.0,305.55555555555554,16.214622639119305,8.82246957226897,1
Male,Yes,1,Not Graduate,No,2653,1500.0,113.0,180.0,0.0,Rural,N,0,4153.0,627.7777777777778,27.209246321403985,8.331827004436057,1
Male,Yes,3,Graduate,No,4691,0.0,100.0,360.0,1.0,Semiurban,Y,0,4691.0,277.77777777777777,21.317416324596586,8.453614209773367,0
Female,No,0,Graduate,Yes,2500,0.0,93.0,360.0,0.0,Urban,Y,1,2500.0,258.3333333333333,37.19999998512,7.824445930877619,0
Male,Yes,2,Graduate,No,2873,1872.0,132.0,360.0,0.0,Semiurban,N,0,4745.0,366.6666666666667,27.81875658001712,8.465057436995709,1
Male,Yes,3,Not Graduate,No,3095,0.0,113.0,360.0,1.0,Rural,Y,0,3095.0,313.8888888888889,36.51050079595784,8.037866234709618,0
Male,Yes,0,Graduate,No,2083,3150.0,128.0,360.0,1.0,Semiurban,Y,0,5233.0,355.55555555555554,24.46015669320463,8.562931083090092,1
Male,Yes,1,Not Graduate,No,1958,2436.0,131.0,360.0,1.0,Rural,Y,0,4394.0,363.8888888888889,29.81338187760278,8.388222810119277,1
Male,No,2,Graduate,No,3547,0.0,80.0,360.0,0.0,Rural,N,0,3547.0,222.22222222222223,22.554271208752674,8.17413934342947,0
Male,No,0,Graduate,No,2435,0.0,75.0,360.0,1.0,Urban,N,0,2435.0,208.33333333333334,30.800821342586932,7.798112628829788,0
Male,No,0,Not Graduate,No,2699,2785.0,96.0,360.0,0.0,Semiurban,Y,1,5484.0,266.6666666666667,17.5054704563265,8.609772372709331,1
Male,No,0,Not Graduate,No,3691,0.0,110.0,360.0,1.0,Rural,Y,0,3691.0,305.55555555555554,29.802221612082846,8.213923595622743,0
Male,Yes,0,Graduate,No,3597,2157.0,119.0,360.0,0.0,Rural,N,0,5754.0,330.55555555555554,20.68126520321841,8.657824321155983,1
Female,Yes,1,Graduate,No,3326,913.0,105.0,84.0,1.0,Semiurban,Y,0,4239.0,1250.0,24.769992917015806,8.352318548226004,1
Male,Yes,0,Not Graduate,No,2600,1700.0,107.0,360.0,1.0,Rural,Y,0,4300.0,297.22222222222223,24.883720924445644,8.366602832783736,1
Male,Yes,0,Graduate,No,4625,2857.0,111.0,12.0,0.0,Urban,Y,1,7482.0,9250.0,14.83560545110457,8.920389060080359,1
Male,Yes,1,Graduate,Yes,2895,0.0,95.0,360.0,1.0,Semiurban,Y,0,2895.0,263.8888888888889,32.8151986069723,7.971085753505607,0
Female,No,0,Graduate,No,645,3683.0,113.0,480.0,1.0,Rural,Y,0,4328.0,235.41666666666666,26.109057295261305,8.37309184744198,1
Female,No,0,Graduate,No,3159,0.0,100.0,360.0,1.0,Semiurban,Y,0,3159.0,277.77777777777777,31.655587201122007,8.058327306580958,0
Male,Yes,1,Not Graduate,No,4050,5302.0,138.0,360.0,0.0,Rural,N,1,9352.0,383.3333333333333,14.756201880372519,9.143452426434552,1
Male,Yes,0,Not Graduate,No,3814,1483.0,124.0,300.0,1.0,Semiurban,Y,0,5297.0,413.3333333333333,23.409477058068816,8.575084669832014,1
Male,No,0,Graduate,No,3583,0.0,96.0,360.0,1.0,Urban,N,0,3583.0,266.6666666666667,26.793190056714153,8.18423477409482,0
Male,No,0,Not Graduate,No,3598,1287.0,100.0,360.0,1.0,Rural,N,0,4885.0,277.77777777777777,20.470829064386727,8.494129251817686,1
Male,Yes,2,Graduate,No,3283,2035.0,148.0,360.0,1.0,Urban,Y,0,5318.0,411.1111111111111,27.83001127720383,8.579040594742317,1
Male,Yes,0,Graduate,No,2130,6666.0,70.0,180.0,1.0,Semiurban,N,0,8796.0,388.8888888888889,7.958162800368558,9.082166033252674,1
Male,Yes,3,Graduate,No,3466,3428.0,150.0,360.0,1.0,Rural,Y,0,6894.0,416.6666666666667,21.758050475521024,8.838551790227402,1
Female,Yes,2,Graduate,No,2031,1632.0,113.0,480.0,1.0,Semiurban,Y,0,3663.0,235.41666666666666,30.849030840609057,8.20631072579402,1
Male,Yes,0,Not Graduate,No,3074,1800.0,123.0,360.0,0.0,Semiurban,N,0,4874.0,341.6666666666667,25.23594582986542,8.491875383431948,1
Female,No,0,Not Graduate,No,3400,0.0,95.0,360.0,1.0,Rural,N,0,3400.0,263.8888888888889,27.941176462370244,8.131824785007195,0
Male,Yes,2,Not Graduate,No,2192,1742.0,45.0,360.0,1.0,Semiurban,Y,0,3934.0,125.0,11.438739193838654,8.277666160851503,1
Male,No,0,Graduate,No,2500,0.0,55.0,360.0,1.0,Semiurban,Y,0,2500.0,152.77777777777777,21.9999999912,7.824445930877619,0
Male,Yes,3,Graduate,Yes,5677,1424.0,100.0,360.0,1.0,Rural,Y,0,7101.0,277.77777777777777,14.082523586243834,8.868131713503033,1
Male,Yes,0,Graduate,No,3775,0.0,110.0,360.0,1.0,Semiurban,Y,0,3775.0,305.55555555555554,29.13907283996316,8.236420527265391,0
Male,No,1,Not Graduate,No,2679,1302.0,94.0,360.0,1.0,Semiurban,Y,0,3981.0,261.1111111111111,23.612157743378006,8.289539484624141,1
Male,No,0,Not Graduate,No,6783,0.0,130.0,360.0,1.0,Semiurban,Y,0,6783.0,361.1111111111111,19.165560958401066,8.822322177471738,0
Male,Yes,3,Graduate,No,4281,0.0,100.0,360.0,1.0,Urban,Y,0,4281.0,277.77777777777777,23.359028258967758,8.362175469149628,0
Male,No,2,Graduate,No,3588,0.0,110.0,360.0,0.0,Rural,N,0,3588.0,305.55555555555554,30.657748040507876,8.185628891147607,0
Male,No,0,Not Graduate,No,2550,2042.0,126.0,360.0,1.0,Rural,Y,0,4592.0,350.0,27.439024384268503,8.432288684325794,1
Male,No,2,Graduate,No,3617,0.0,107.0,360.0,1.0,Semiurban,Y,0,3617.0,297.22222222222223,29.58252694786217,8.193676665955241,0
Male,Yes,0,Not Graduate,No,2917,536.0,66.0,360.0,1.0,Rural,N,0,3453.0,183.33333333333334,19.113814069182215,8.147288258706624,1
Female,Yes,1,Graduate,No,4608,2845.0,140.0,180.0,1.0,Semiurban,Y,0,7453.0,777.7777777777778,18.784382125481766,8.916506080039204,1
Female,No,0,Graduate,No,2138,0.0,99.0,360.0,0.0,Semiurban,N,0,2138.0,275.0,46.304957882925656,7.668093709082406,0
Female,No,1,Graduate,No,3652,0.0,95.0,360.0,1.0,Semiurban,Y,0,3652.0,263.8888888888889,26.013143475900016,8.203304026795282,0
Male,Yes,1,Not Graduate,No,2239,2524.0,128.0,360.0,1.0,Urban,Y,0,4763.0,355.55555555555554,26.87381901598282,8.46884293047519,1
Female,Yes,0,Not Graduate,No,3017,663.0,102.0,360.0,0.0,Semiurban,Y,1,3680.0,283.3333333333333,27.717391296815926,8.210939733379021,1
Male,No,0,Not Graduate,No,3358,0.0,80.0,36.0,1.0,Semiurban,N,0,3358.0,2222.222222222222,23.823704578968524,8.119398589612294,0
Male,No,0,Graduate,No,2526,1783.0,145.0,360.0,1.0,Rural,Y,0,4309.0,402.77777777777777,33.65049894786482,8.368693183097793,1
Female,No,0,Graduate,No,5000,0.0,103.0,360.0,0.0,Semiurban,N,0,5000.0,286.1111111111111,20.599999995879998,8.517393171418904,0
Male,Yes,0,Graduate,No,2785,2016.0,110.0,360.0,1.0,Rural,Y,0,4801.0,305.55555555555554,22.91189335077861,8.4767877767812,1
Male,Yes,0,Graduate,No,3593,4266.0,132.0,180.0,0.0,Rural,N,0,7859.0,733.3333333333334,16.796030027128637,8.969541885423252,1
Male,Yes,1,Graduate,No,5468,1032.0,26.0,360.0,1.0,Semiurban,Y,0,6500.0,72.22222222222223,3.9999999993846154,8.77971129020447,1
Female,No,0,Graduate,No,2667,1625.0,84.0,360.0,0.0,Urban,Y,1,4292.0,233.33333333333334,19.57129542880445,8.36474106822456,1
Male,Yes,2,Not Graduate,No,3675,242.0,108.0,360.0,1.0,Semiurban,Y,0,3917.0,300.0,27.572121514533542,8.273336598504486,1
Male,No,0,Not Graduate,Yes,5800,0.0,132.0,360.0,1.0,Semiurban,Y,0,5800.0,366.6666666666667,22.75862068573127,8.665785595466064,0
Male,Yes,0,Not Graduate,No,4467,0.0,120.0,360.0,0.0,Rural,Y,1,4467.0,333.3333333333333,26.86366688451675,8.404696160189092,0
Male,No,0,Graduate,No,3333,0.0,70.0,360.0,1.0,Urban,Y,0,3333.0,194.44444444444446,21.002100203719742,8.111928063310739,0
Male,Yes,3,Graduate,No,3400,2500.0,123.0,360.0,0.0,Rural,N,0,5900.0,341.6666666666667,20.847457623585175,8.682877107057168,1
Female,No,0,Graduate,No,2378,0.0,9.0,360.0,1.0,Urban,N,0,2378.0,25.0,3.784693017752442,7.774435510302958,0
Male,Yes,0,Graduate,No,3166,2064.0,104.0,360.0,0.0,Urban,N,0,5230.0,288.8888888888889,19.885277242851764,8.562357743370612,1
Male,Yes,3,Graduate,No,6406,0.0,150.0,360.0,1.0,Semiurban,N,0,6406.0,416.6666666666667,23.415547920166162,8.765146421639022,0
Male,Yes,2,Graduate,No,3159,461.0,108.0,84.0,1.0,Urban,Y,0,3620.0,1285.7142857142858,29.834254135404905,8.19450550976564,1
Male,Yes,0,Graduate,No,3087,2210.0,136.0,360.0,0.0,Semiurban,N,0,5297.0,377.77777777777777,25.674910321752893,8.575084669832014,1
Male,No,0,Graduate,No,3229,2739.0,110.0,360.0,1.0,Urban,Y,0,5968.0,305.55555555555554,18.431635385651536,8.69433468816865,1
Male,Yes,1,Graduate,No,1782,2232.0,107.0,360.0,1.0,Rural,Y,0,4014.0,297.22222222222223,26.65670153795299,8.297792626380861,1
Male,No,0,Graduate,No,1836,33837.0,90.0,360.0,1.0,Urban,N,0,35673.0,250.0,2.522916491393409,10.482177411118249,1
Female,Yes,0,Graduate,No,3166,0.0,36.0,360.0,1.0,Semiurban,Y,0,3166.0,100.0,11.37081490481023,8.06054004653864,0
Male,Yes,1,Graduate,No,1880,0.0,61.0,360.0,0.0,Rural,N,1,1880.0,169.44444444444446,32.44680849337936,7.53955882930103,0
Male,Yes,1,Graduate,No,2787,1917.0,146.0,360.0,0.0,Rural,N,0,4704.0,405.55555555555554,31.037414959388304,8.45638105201948,1
Male,Yes,0,Graduate,No,2297,1522.0,104.0,360.0,1.0,Urban,Y,0,3819.0,288.8888888888889,27.23225974673154,8.24800570160062,1
Female,No,0,Not Graduate,No,2165,0.0,70.0,360.0,1.0,Semiurban,Y,0,2165.0,194.44444444444446,32.3325634954584,7.680637427560936,0
Male,No,0,Graduate,No,4750,0.0,94.0,360.0,1.0,Semiurban,Y,0,4750.0,261.1111111111111,19.78947368004432,8.46611040118692,0
Male,Yes,2,Graduate,Yes,2726,0.0,106.0,360.0,0.0,Semiurban,N,0,2726.0,294.44444444444446,38.88481289842817,7.910957382845589,0
Male,Yes,0,Graduate,No,3000,3416.0,56.0,180.0,1.0,Semiurban,Y,0,6416.0,311.1111111111111,8.728179549761817,8.766705997750515,1
Male,Yes,0,Graduate,No,3859,3300.0,142.0,180.0,1.0,Rural,Y,0,7159.0,788.8888888888889,19.83517250735645,8.87626525995469,1
Male,No,0,Not Graduate,No,3833,0.0,110.0,360.0,1.0,Rural,Y,0,3833.0,305.55555555555554,28.698147657527226,8.251663923605589,0
Male,No,0,Graduate,No,2987,0.0,88.0,360.0,0.0,Semiurban,N,0,2987.0,244.44444444444446,29.46099764664848,8.002359546252707,0
Male,Yes,3,Graduate,No,5703,0.0,128.0,360.0,1.0,Urban,Y,0,5703.0,355.55555555555554,22.444327542969607,8.648922962094131,0
Male,Yes,0,Graduate,No,3232,1950.0,108.0,360.0,1.0,Rural,Y,0,5182.0,300.0,20.841373982855774,8.553139318189707,1
Female,No,0,Graduate,No,2900,0.0,71.0,360.0,1.0,Rural,Y,0,2900.0,197.22222222222223,24.482758612247327,7.972810784121404,0
Male,Yes,3,Graduate,No,4106,0.0,40.0,180.0,1.0,Rural,Y,0,4106.0,222.22222222222223,9.741841205615723,8.320448113956559,0
Female,No,0,Graduate,Yes,4583,0.0,133.0,360.0,0.0,Semiurban,N,0,4583.0,369.44444444444446,29.020292378568556,8.430327258394575,0
